﻿<?xml version="1.0" encoding="utf-8"?>
<Roots >
  <Roots.Interfaces>
    <RootInterface FullName="Windows.UI.Xaml.Data.IValueConverter" />
  </Roots.Interfaces>
  <Roots.PropertyPathNames>
    <RootPropertyPathName Name="ActualWidth" />
    <RootPropertyPathName Name="ActualHeight" />
    <RootPropertyPathName Name="Value" />
  </Roots.PropertyPathNames>
  <Roots.RootTypes>
    <RootType FullName="Windows.UI.Xaml.ResourceDictionary">
      <RootProperty Name="ThemeDictionaries" />
      <RootProperty Name="MergedDictionaries" />
      <RootProperty Name="Source" />
    </RootType>
    <RootType FullName="Windows.UI.Xaml.Media.SolidColorBrush">
      <RootProperty Name="Color" />
    </RootType>
    <RootType FullName="WinRTXamlToolkit.Controls.GridSplitterPreviewControl" />
    <RootType FullName="Windows.UI.Xaml.Controls.Control">
      <RootProperty Name="Background" />
      <RootProperty Name="Template" />
      <RootProperty Name="Foreground" />
      <RootProperty Name="IsTabStop" />
      <RootProperty Name="FontFamily" />
      <RootProperty Name="FontSize" />
      <RootProperty Name="BorderBrush" />
      <RootProperty Name="BorderThickness" />
      <RootProperty Name="Padding" />
      <RootProperty Name="FontWeight" />
      <RootProperty Name="HorizontalContentAlignment" />
      <RootProperty Name="VerticalContentAlignment" />
      <RootProperty Name="TabNavigation" />
    </RootType>
    <RootType FullName="Windows.UI.Xaml.FrameworkElement">
      <RootProperty Name="HorizontalAlignment" />
      <RootProperty Name="VerticalAlignment" />
      <RootProperty Name="Width" />
      <RootProperty Name="Height" />
      <RootProperty Name="MinWidth" />
      <RootProperty Name="MinHeight" />
      <RootProperty Name="Margin" />
    </RootType>
    <RootType FullName="WinRTXamlToolkit.Controls.CustomGridSplitter" />
    <RootType FullName="Windows.UI.Xaml.Setter">
      <RootProperty Name="Property" />
      <RootProperty Name="Value" />
    </RootType>
    <RootType FullName="Windows.UI.Xaml.Controls.ControlTemplate">
      <RootProperty Name="TargetType" />
      <RootProperty Name="Template" />
    </RootType>
    <RootType FullName="Windows.UI.Xaml.Controls.Grid">
      <RootProperty Name="Background" />
      <RootProperty Name="Children" />
      <RootProperty Name="ColumnDefinitions" />
      <RootProperty Name="UseLayoutRounding" />
      <RootProperty Name="RowDefinitions" />
      <RootProperty Name="Margin" />
      <RootProperty Name="HorizontalAlignment" />
      <RootProperty Name="VerticalAlignment" />
      <RootProperty Name="Visibility" />
      <RootProperty Name="Width" />
      <RootProperty Name="Height" />
      <RootProperty Name="Resources" />
      <RootMethod Name="GetColumn" />
      <RootMethod Name="SetColumn" />
      <RootMethod Name="GetRow" />
      <RootMethod Name="SetRow" />
      <RootMethod Name="GetColumnSpan" />
      <RootMethod Name="SetColumnSpan" />
    </RootType>
    <RootType FullName="Windows.UI.Xaml.VisualStateManager">
      <RootMethod Name="GetVisualStateGroups" />
    </RootType>
    <RootType FullName="Microsoft.Xaml.Tools.DirectUI.ProxyTypes.TemplateBindingExtension" />
    <RootType FullName="Windows.UI.Xaml.VisualStateGroup">
      <RootProperty Name="States" />
    </RootType>
    <RootType FullName="Windows.UI.Xaml.VisualState">
      <RootProperty Name="Storyboard" />
    </RootType>
    <RootType FullName="Windows.UI.Xaml.Media.Animation.Storyboard">
      <RootProperty Name="Children" />
      <RootProperty Name="RepeatBehavior" />
      <RootProperty Name="AutoReverse" />
      <RootProperty Name="SpeedRatio" />
      <RootMethod Name="GetTargetName" />
      <RootMethod Name="SetTargetName" />
      <RootMethod Name="GetTargetProperty" />
      <RootMethod Name="SetTargetProperty" />
    </RootType>
    <RootType FullName="Windows.UI.Xaml.Media.Animation.ObjectAnimationUsingKeyFrames">
      <RootProperty Name="KeyFrames" />
      <RootProperty Name="Duration" />
    </RootType>
    <RootType FullName="Windows.UI.Xaml.Media.Animation.DiscreteObjectKeyFrame">
      <RootProperty Name="KeyTime" />
      <RootProperty Name="Value" />
    </RootType>
    <RootType FullName="Windows.UI.Xaml.Controls.StackPanel">
      <RootProperty Name="VerticalAlignment" />
      <RootProperty Name="HorizontalAlignment" />
      <RootProperty Name="Children" />
      <RootProperty Name="Orientation" />
      <RootProperty Name="Margin" />
      <RootProperty Name="MinWidth" />
    </RootType>
    <RootType FullName="Windows.UI.Xaml.Shapes.Ellipse">
      <RootProperty Name="Width" />
      <RootProperty Name="Height" />
      <RootProperty Name="Margin" />
      <RootProperty Name="Fill" />
      <RootProperty Name="HorizontalAlignment" />
      <RootProperty Name="Visibility" />
      <RootProperty Name="Stroke" />
      <RootProperty Name="StrokeThickness" />
      <RootProperty Name="IsHitTestVisible" />
    </RootType>
    <RootType FullName="Microsoft.Xaml.Tools.DirectUI.ProxyTypes.StaticResourceExtension" />
    <RootType FullName="Windows.UI.Xaml.Shapes.Rectangle">
      <RootProperty Name="Margin" />
      <RootProperty Name="Fill" />
      <RootProperty Name="IsHitTestVisible" />
      <RootProperty Name="Opacity" />
      <RootProperty Name="StrokeDashOffset" />
      <RootProperty Name="StrokeEndLineCap" />
      <RootProperty Name="Stroke" />
      <RootProperty Name="StrokeDashArray" />
      <RootProperty Name="StrokeThickness" />
      <RootProperty Name="RadiusX" />
      <RootProperty Name="RadiusY" />
      <RootProperty Name="VerticalAlignment" />
      <RootProperty Name="HorizontalAlignment" />
    </RootType>
    <RootType FullName="Windows.UI.Xaml.Media.FontFamily" />
    <RootType FullName="System.Double" />
    <RootType FullName="WinRTXamlToolkit.Controls.NumericUpDown">
      <RootProperty Name="ValueFormat" />
      <RootProperty Name="HorizontalAlignment" />
      <RootProperty Name="Minimum" />
      <RootProperty Name="Maximum" />
      <RootProperty Name="SmallChange" />
      <RootProperty Name="LargeChange" />
    </RootType>
    <RootType FullName="Windows.UI.Xaml.Controls.Border">
      <RootProperty Name="Background" />
      <RootProperty Name="BorderBrush" />
      <RootProperty Name="BorderThickness" />
      <RootProperty Name="VerticalAlignment" />
      <RootProperty Name="Resources" />
      <RootProperty Name="Child" />
      <RootProperty Name="Margin" />
      <RootProperty Name="UseLayoutRounding" />
      <RootProperty Name="CornerRadius" />
      <RootProperty Name="Padding" />
      <RootProperty Name="HorizontalAlignment" />
      <RootProperty Name="RenderTransform" />
    </RootType>
    <RootType FullName="Windows.UI.Xaml.Controls.Primitives.RepeatButton">
      <RootProperty Name="Margin" />
      <RootProperty Name="Style" />
    </RootType>
    <RootType FullName="Windows.UI.Xaml.Controls.ContentControl">
      <RootProperty Name="Content" />
      <RootProperty Name="Height" />
      <RootProperty Name="UseLayoutRounding" />
      <RootProperty Name="ContentTemplate" />
      <RootProperty Name="FontSize" />
      <RootProperty Name="FontWeight" />
      <RootProperty Name="Padding" />
      <RootProperty Name="Foreground" />
      <RootProperty Name="RenderTransformOrigin" />
      <RootProperty Name="Resources" />
      <RootProperty Name="RenderTransform" />
    </RootType>
    <RootType FullName="Microsoft.Xaml.Tools.DirectUI.ProxyTypes.ThemeResourceExtension" />
    <RootType FullName="Windows.UI.Xaml.Controls.ContentPresenter">
      <RootProperty Name="ContentTemplate" />
      <RootProperty Name="Content" />
      <RootProperty Name="Foreground" />
      <RootProperty Name="HorizontalAlignment" />
      <RootProperty Name="Margin" />
      <RootProperty Name="VerticalAlignment" />
      <RootProperty Name="UseLayoutRounding" />
      <RootProperty Name="ContentTransitions" />
      <RootProperty Name="FontFamily" />
      <RootProperty Name="FontSize" />
      <RootProperty Name="Visibility" />
    </RootType>
    <RootType FullName="Windows.UI.Xaml.Automation.AutomationProperties">
      <RootMethod Name="GetAccessibilityView" />
      <RootMethod Name="SetAccessibilityView" />
    </RootType>
    <RootType FullName="Windows.UI.Xaml.Controls.ColumnDefinition">
      <RootProperty Name="Width" />
      <RootProperty Name="MinWidth" />
    </RootType>
    <RootType FullName="WinRTXamlToolkit.Controls.UpDownTextBox">
      <RootProperty Name="Margin" />
      <RootProperty Name="FontFamily" />
      <RootProperty Name="FontSize" />
      <RootProperty Name="Foreground" />
      <RootProperty Name="InputScope" />
      <RootProperty Name="HorizontalAlignment" />
      <RootProperty Name="IsReadOnly" />
      <RootProperty Name="IsEnabled" />
    </RootType>
    <RootType FullName="WinRTXamlToolkit.Controls.Extensions.FrameworkElementExtensions">
      <RootMethod Name="GetSystemCursor" />
      <RootMethod Name="SetSystemCursor" />
    </RootType>
    <RootType FullName="Windows.UI.Xaml.Controls.Button">
      <RootProperty Name="Style" />
      <RootProperty Name="Visibility" />
      <RootProperty Name="Width" />
      <RootProperty Name="Height" />
      <RootProperty Name="UseLayoutRounding" />
      <RootProperty Name="Padding" />
      <RootProperty Name="Margin" />
      <RootProperty Name="Content" />
      <RootProperty Name="FontFamily" />
      <RootProperty Name="FontSize" />
      <RootProperty Name="ClickMode" />
      <RootProperty Name="MinHeight" />
      <RootProperty Name="MinWidth" />
      <RootProperty Name="Background" />
      <RootProperty Name="Foreground" />
      <RootProperty Name="BorderBrush" />
      <RootProperty Name="BorderThickness" />
      <RootProperty Name="HorizontalAlignment" />
      <RootProperty Name="VerticalAlignment" />
      <RootProperty Name="IsTabStop" />
      <RootProperty Name="TabNavigation" />
      <RootProperty Name="FontWeight" />
      <RootProperty Name="Template" />
    </RootType>
    <RootType FullName="WinRTXamlToolkit.Controls.ToolWindow">
      <RootProperty Name="TitleBackgroundBrush" />
    </RootType>
    <RootType FullName="Windows.UI.Xaml.Controls.RowDefinition">
      <RootProperty Name="Height" />
    </RootType>
    <RootType FullName="Windows.UI.Xaml.Shapes.Path">
      <RootProperty Name="Stretch" />
      <RootProperty Name="Width" />
      <RootProperty Name="Height" />
      <RootProperty Name="Data" />
      <RootProperty Name="VerticalAlignment" />
      <RootProperty Name="HorizontalAlignment" />
      <RootProperty Name="StrokeLineJoin" />
      <RootProperty Name="Fill" />
      <RootProperty Name="Stroke" />
      <RootProperty Name="StrokeThickness" />
      <RootProperty Name="StrokeMiterLimit" />
      <RootProperty Name="Opacity" />
      <RootProperty Name="IsHitTestVisible" />
      <RootProperty Name="UseLayoutRounding" />
    </RootType>
    <RootType FullName="Windows.UI.Xaml.Media.Animation.DoubleAnimation">
      <RootProperty Name="Duration" />
      <RootProperty Name="To" />
      <RootProperty Name="From" />
      <RootProperty Name="EasingFunction" />
    </RootType>
    <RootType FullName="WinRTXamlToolkit.Controls.TreeView" />
    <RootType FullName="Windows.UI.Xaml.Controls.ScrollViewer">
      <RootProperty Name="HorizontalScrollBarVisibility" />
      <RootProperty Name="VerticalScrollBarVisibility" />
      <RootProperty Name="Background" />
      <RootProperty Name="BorderBrush" />
      <RootProperty Name="BorderThickness" />
      <RootProperty Name="IsTabStop" />
      <RootProperty Name="TabNavigation" />
      <RootProperty Name="Content" />
      <RootProperty Name="HorizontalScrollMode" />
      <RootProperty Name="IsHorizontalRailEnabled" />
      <RootProperty Name="IsVerticalRailEnabled" />
      <RootProperty Name="Margin" />
      <RootProperty Name="Padding" />
      <RootProperty Name="VerticalScrollMode" />
      <RootProperty Name="ZoomMode" />
      <RootMethod Name="GetHorizontalScrollBarVisibility" />
      <RootMethod Name="SetHorizontalScrollBarVisibility" />
      <RootMethod Name="GetVerticalScrollBarVisibility" />
      <RootMethod Name="SetVerticalScrollBarVisibility" />
      <RootMethod Name="GetHorizontalScrollMode" />
      <RootMethod Name="SetHorizontalScrollMode" />
      <RootMethod Name="GetIsHorizontalRailEnabled" />
      <RootMethod Name="SetIsHorizontalRailEnabled" />
      <RootMethod Name="GetVerticalScrollMode" />
      <RootMethod Name="SetVerticalScrollMode" />
      <RootMethod Name="GetIsVerticalRailEnabled" />
      <RootMethod Name="SetIsVerticalRailEnabled" />
    </RootType>
    <RootType FullName="Microsoft.Xaml.Tools.DirectUI.ProxyTypes.NullExtension" />
    <RootType FullName="Windows.UI.Xaml.Controls.ItemsPresenter">
      <RootProperty Name="Margin" />
      <RootProperty Name="Visibility" />
    </RootType>
    <RootType FullName="WinRTXamlToolkit.Controls.TreeViewItem" />
    <RootType FullName="Windows.UI.Xaml.Media.Animation.ColorAnimation">
      <RootProperty Name="Duration" />
      <RootProperty Name="To" />
    </RootType>
    <RootType FullName="Windows.UI.Xaml.Controls.Primitives.ToggleButton">
      <RootProperty Name="Margin" />
      <RootProperty Name="MinWidth" />
      <RootProperty Name="MinHeight" />
      <RootProperty Name="HorizontalAlignment" />
      <RootProperty Name="VerticalAlignment" />
      <RootProperty Name="IsTabStop" />
      <RootProperty Name="TabNavigation" />
      <RootProperty Name="Template" />
    </RootType>
    <RootType FullName="WinRTXamlToolkit.Converters.NullableBoolToVisibilityConverter">
      <RootProperty Name="TrueIsVisible" />
    </RootType>
    <RootType FullName="WinRTXamlToolkit.Converters.NullableBoolToBoolConverter" />
    <RootType FullName="WinRTXamlToolkit.Controls.AlternativeFrame">
      <RootProperty Name="PagePresenterStyle" />
    </RootType>
    <RootType FullName="Windows.UI.Xaml.Controls.UserControl">
      <RootProperty Name="Content" />
      <RootProperty Name="VerticalAlignment" />
      <RootProperty Name="HorizontalAlignment" />
    </RootType>
    <RootType FullName="Windows.UI.Xaml.Media.Animation.DoubleAnimationUsingKeyFrames">
      <RootProperty Name="KeyFrames" />
      <RootProperty Name="RepeatBehavior" />
      <RootProperty Name="Duration" />
    </RootType>
    <RootType FullName="Windows.UI.Xaml.Media.Animation.SplineDoubleKeyFrame">
      <RootProperty Name="KeyTime" />
      <RootProperty Name="Value" />
    </RootType>
    <RootType FullName="Windows.UI.Xaml.Media.Animation.EasingDoubleKeyFrame">
      <RootProperty Name="KeyTime" />
      <RootProperty Name="Value" />
      <RootProperty Name="EasingFunction" />
    </RootType>
    <RootType FullName="Windows.UI.Xaml.Media.Animation.SineEase">
      <RootProperty Name="EasingMode" />
    </RootType>
    <RootType FullName="Windows.UI.Xaml.Media.Animation.DiscreteDoubleKeyFrame">
      <RootProperty Name="KeyTime" />
      <RootProperty Name="Value" />
    </RootType>
    <RootType FullName="Windows.UI.Xaml.Media.TransformGroup">
      <RootProperty Name="Children" />
    </RootType>
    <RootType FullName="Windows.UI.Xaml.Media.TranslateTransform" />
    <RootType FullName="Windows.UI.Xaml.Media.ScaleTransform">
      <RootProperty Name="ScaleX" />
    </RootType>
    <RootType FullName="WinRTXamlToolkit.Controls.AnimatingContainer" />
    <RootType FullName="WinRTXamlToolkit.Controls.CameraCaptureControl" />
    <RootType FullName="WinRTXamlToolkit.Converters.BooleanToVisibilityConverter" />
    <RootType FullName="Windows.UI.Xaml.Media.Animation.CubicEase">
      <RootProperty Name="EasingMode" />
    </RootType>
    <RootType FullName="WinRTXamlToolkit.Controls.LayoutTransformControl">
      <RootProperty Name="Transform" />
      <RootProperty Name="Child" />
    </RootType>
    <RootType FullName="WinRTXamlToolkit.Controls.CountdownControl">
      <RootProperty Name="VerticalAlignment" />
      <RootProperty Name="HorizontalAlignment" />
    </RootType>
    <RootType FullName="Windows.UI.Xaml.Controls.Primitives.Popup">
      <RootProperty Name="IsOpen" />
      <RootProperty Name="Child" />
    </RootType>
    <RootType FullName="Windows.UI.Xaml.Data.Binding">
      <RootProperty Name="ElementName" />
      <RootProperty Name="Mode" />
    </RootType>
    <RootType FullName="Windows.UI.Xaml.Controls.TextBlock">
      <RootProperty Name="Text" />
      <RootProperty Name="FontSize" />
      <RootProperty Name="Margin" />
      <RootProperty Name="Foreground" />
      <RootProperty Name="VerticalAlignment" />
      <RootProperty Name="HorizontalAlignment" />
      <RootProperty Name="Style" />
      <RootProperty Name="FontFamily" />
      <RootProperty Name="TextWrapping" />
      <RootProperty Name="IsHitTestVisible" />
      <RootProperty Name="Visibility" />
      <RootProperty Name="Padding" />
      <RootProperty Name="FontWeight" />
    </RootType>
    <RootType FullName="Windows.UI.Xaml.Controls.ListBox">
      <RootProperty Name="FontSize" />
    </RootType>
    <RootType FullName="Windows.UI.Xaml.Media.RotateTransform">
      <RootProperty Name="Angle" />
    </RootType>
    <RootType FullName="Windows.UI.Xaml.Controls.CaptureElement">
      <RootProperty Name="Stretch" />
    </RootType>
    <RootType FullName="WinRTXamlToolkit.Controls.CascadingImageControl" />
    <RootType FullName="WinRTXamlToolkit.Controls.CascadingTextBlock" />
    <RootType FullName="WinRTXamlToolkit.Controls.TrianglePicker">
      <RootProperty Name="VerticalAlignment" />
      <RootProperty Name="HorizontalAlignment" />
      <RootProperty Name="Foreground" />
    </RootType>
    <RootType FullName="WinRTXamlToolkit.Controls.HueRingPicker">
      <RootProperty Name="ThumbBorderBrush" />
      <RootProperty Name="ThumbBorderThickness" />
      <RootProperty Name="ThumbBackground" />
      <RootProperty Name="RingThickness" />
      <RootProperty Name="VerticalAlignment" />
      <RootProperty Name="HorizontalAlignment" />
    </RootType>
    <RootType FullName="WinRTXamlToolkit.Controls.ColorPicker" />
    <RootType FullName="Windows.UI.Xaml.Controls.Slider">
      <RootProperty Name="Style" />
      <RootProperty Name="Value" />
      <RootProperty Name="Margin" />
      <RootProperty Name="Height" />
      <RootProperty Name="Minimum" />
      <RootProperty Name="Maximum" />
      <RootProperty Name="StepFrequency" />
      <RootProperty Name="Foreground" />
    </RootType>
    <RootType FullName="Windows.UI.Xaml.Controls.Primitives.Thumb">
      <RootProperty Name="Background" />
      <RootProperty Name="DataContext" />
      <RootProperty Name="Style" />
      <RootProperty Name="Width" />
    </RootType>
    <RootType FullName="Windows.UI.Xaml.Media.ImageBrush">
      <RootProperty Name="Stretch" />
    </RootType>
    <RootType FullName="Windows.UI.Xaml.Controls.Image">
      <RootProperty Name="VerticalAlignment" />
      <RootProperty Name="HorizontalAlignment" />
      <RootProperty Name="Stretch" />
      <RootProperty Name="Margin" />
      <RootProperty Name="IsHitTestVisible" />
      <RootProperty Name="Opacity" />
    </RootType>
    <RootType FullName="WinRTXamlToolkit.Controls.RingSlice">
      <RootProperty Name="IsHitTestVisible" />
      <RootProperty Name="VerticalAlignment" />
      <RootProperty Name="HorizontalAlignment" />
      <RootProperty Name="Stroke" />
      <RootProperty Name="StrokeThickness" />
      <RootProperty Name="Fill" />
      <RootProperty Name="RenderTransformOrigin" />
      <RootProperty Name="RenderTransform" />
      <RootProperty Name="InnerRadius" />
      <RootProperty Name="Radius" />
    </RootType>
    <RootType FullName="Windows.UI.Xaml.Controls.Canvas">
      <RootProperty Name="Children" />
      <RootProperty Name="Width" />
      <RootProperty Name="Height" />
      <RootProperty Name="VerticalAlignment" />
      <RootProperty Name="HorizontalAlignment" />
      <RootMethod Name="GetLeft" />
      <RootMethod Name="SetLeft" />
      <RootMethod Name="GetTop" />
      <RootMethod Name="SetTop" />
    </RootType>
    <RootType FullName="WinRTXamlToolkit.Controls.DelayedLoadControl" />
    <RootType FullName="WinRTXamlToolkit.Controls.FxContentControl" />
    <RootType FullName="WinRTXamlToolkit.Controls.ImageButton">
      <RootProperty Name="Stretch" />
    </RootType>
    <RootType FullName="WinRTXamlToolkit.Controls.ImageToggleButton">
      <RootProperty Name="Stretch" />
    </RootType>
    <RootType FullName="WinRTXamlToolkit.Controls.InputDialog">
      <RootProperty Name="BackgroundScreenBrush" />
      <RootProperty Name="BackgroundStripeBrush" />
      <RootProperty Name="TitleStyle" />
      <RootProperty Name="TextStyle" />
      <RootProperty Name="InputTextStyle" />
      <RootProperty Name="ButtonStyle" />
    </RootType>
    <RootType FullName="Windows.UI.Xaml.Media.Animation.PowerEase">
      <RootProperty Name="EasingMode" />
      <RootProperty Name="Power" />
    </RootType>
    <RootType FullName="Windows.UI.Xaml.Controls.TextBox">
      <RootProperty Name="Style" />
      <RootProperty Name="TextWrapping" />
    </RootType>
    <RootType FullName="Windows.UI.Xaml.Controls.Primitives.ButtonBase" />
    <RootType FullName="WinRTXamlToolkit.Controls.ListItemButton" />
    <RootType FullName="Windows.UI.Xaml.Controls.ItemsControl">
      <RootProperty Name="ItemContainerStyle" />
    </RootType>
    <RootType FullName="WinRTXamlToolkit.Controls.WatermarkPasswordBox">
      <RootProperty Name="WatermarkTextStyle" />
      <RootMethod Name="GetWatermark" />
      <RootMethod Name="SetWatermark" />
      <RootMethod Name="GetWatermarkText" />
      <RootMethod Name="SetWatermarkText" />
      <RootMethod Name="GetWatermarkTextStyleRelay" />
      <RootMethod Name="SetWatermarkTextStyleRelay" />
    </RootType>
    <RootType FullName="Windows.UI.Xaml.Controls.PasswordBox">
      <RootProperty Name="CharacterSpacing" />
      <RootProperty Name="MinWidth" />
      <RootProperty Name="MinHeight" />
      <RootProperty Name="Foreground" />
      <RootProperty Name="Background" />
      <RootProperty Name="BorderBrush" />
      <RootProperty Name="BorderThickness" />
      <RootProperty Name="FontFamily" />
      <RootProperty Name="FontSize" />
      <RootProperty Name="Padding" />
      <RootProperty Name="HorizontalContentAlignment" />
      <RootProperty Name="VerticalContentAlignment" />
      <RootProperty Name="Template" />
    </RootType>
    <RootType FullName="Windows.UI.Xaml.Visibility" />
    <RootType FullName="WinRTXamlToolkit.Controls.WatermarkTextBox">
      <RootProperty Name="WatermarkTextStyle" />
    </RootType>
  </Roots.RootTypes>
</Roots>
